sku,title,source_url,filename,status
PKM-TWM-SBP-EN,Pokemon TCG: SV Twilight Masquerade Sleeved Booster Pack,https://www.tcgplayer.com/product/544170/pokemon-sv06-twilight-masquerade-twilight-masquerade-sleeved-booster-pack?page=1,,dl-failed
PKM-TWM-BB-EN,Pokemon TCG: SV Twilight Masquerade Booster Bundle,https://www.tcgplayer.com/product/543852/pokemon-sv06-twilight-masquerade-twilight-masquerade-booster-bundle?page=1,PKM-TWM-BB-EN.jpg,ok
PKM-TWM-BX-EN,Pokemon TCG: SV Twilight Masquerade Booster Box,https://www.tcgplayer.com/product/549491/pokemon-sv06-twilight-masquerade-twilight-masquerade-pokemon-center-elite-trainer-box-exclusive-case?page=1,PKM-TWM-BX-EN.jpg,ok
PKM-TWM-ETB-EN,Pokemon TCG: SV Twilight Masquerade Elite Trainer Box,https://www.tcgplayer.com/product/543845/pokemon-sv06-twilight-masquerade-twilight-masquerade-elite-trainer-box?page=1,PKM-TWM-ETB-EN.jpg,ok
PKM-TWM-PCETB-EN,Pokemon TCG: SV Twilight Masquerade Pokemon Center ETB,https://www.tcgplayer.com/product/543844/pokemon-sv06-twilight-masquerade-twilight-masquerade-pokemon-center-elite-trainer-box-exclusive?page=1,PKM-TWM-PCETB-EN.jpg,ok
PKM-TWM-BNB-EN,Pokemon TCG: SV Twilight Masquerade Build and Battle Box,https://www.tcgplayer.com/product/544386/pokemon-sv06-twilight-masquerade-twilight-masquerade-build-and-battle-box?page=1,PKM-TWM-BNB-EN.jpg,ok
PKM-TWM-BL3-EN,Pokemon TCG: SV Twilight Masquerade 3-Pack Blister (Revavroom),https://www.tcgplayer.com/product/544171/pokemon-sv06-twilight-masquerade-twilight-masquerade-3-pack-blister-snorlax?page=1,PKM-TWM-BL3-EN.jpg,ok
PKM-TWM-BL3-EN-2,Pokemon TCG: SV Twilight Masquerade 3-Pack Blister (Snorlax),https://www.tcgplayer.com/product/544171/pokemon-sv06-twilight-masquerade-twilight-masquerade-3-pack-blister-snorlax?page=1,PKM-TWM-BL3-EN-2.jpg,ok
PKM-TWM-TIN-EN,Pokemon TCG: Paradox Clash Tin (Roaring Moon),https://www.tcgplayer.com/product/544241/pokemon-miscellaneous-cards-and-products-paradox-clash-tin-iron-leaves-ex?page=1,PKM-TWM-TIN-EN.jpg,ok
PKM-TWM-TIN-EN-2,Pokemon TCG: Paradox Clash Tin (Iron Treads),https://www.tcgplayer.com/product/562360/pokemon-miscellaneous-cards-and-products-paradox-destinies-tin-set-of-4?page=1,PKM-TWM-TIN-EN-2.jpg,ok
PKM-SFA-SBP-EN,Pokemon TCG: SV Shrouded Fable Sleeved Booster Pack,https://www.tcgplayer.com/product/553031/pokemon-sv-shrouded-fable-shrouded-fable-booster-bundle?page=1,PKM-SFA-SBP-EN.jpg,ok
PKM-SFA-BB-EN,Pokemon TCG: SV Shrouded Fable Booster Bundle,https://www.tcgplayer.com/product/553031/pokemon-sv-shrouded-fable-shrouded-fable-booster-bundle?page=1,PKM-SFA-BB-EN.jpg,ok
PKM-SFA-ETB-EN,Pokemon TCG: SV Shrouded Fable Elite Trainer Box,https://www.tcgplayer.com/product/552999/pokemon-sv-shrouded-fable-shrouded-fable-elite-trainer-box?page=1,PKM-SFA-ETB-EN.jpg,ok
PKM-SFA-PCETB-EN,Pokemon TCG: SV Shrouded Fable Pokemon Center ETB,https://www.tcgplayer.com/product/552998/pokemon-sv-shrouded-fable-shrouded-fable-pokemon-center-elite-trainer-box-exclusive?page=1,PKM-SFA-PCETB-EN.jpg,ok
PKM-SCR-SBP-EN,Pokemon TCG: SV Stellar Crown Sleeved Booster Pack,https://www.tcgplayer.com/product/557352/pokemon-sv07-stellar-crown-stellar-crown-sleeved-booster-pack?page=1,PKM-SCR-SBP-EN.jpg,ok
PKM-SCR-BB-EN,Pokemon TCG: SV Stellar Crown Booster Bundle,https://www.tcgplayer.com/product/557345/pokemon-sv07-stellar-crown-stellar-crown-booster-bundle?page=1,PKM-SCR-BB-EN.jpg,ok
PKM-SCR-BX-EN,Pokemon TCG: SV Stellar Crown Booster Box,https://www.tcgplayer.com/product/559102/pokemon-sv07-stellar-crown-stellar-crown-elite-trainer-box-case?page=1,PKM-SCR-BX-EN.jpg,ok
PKM-SCR-ETB-EN,Pokemon TCG: SV Stellar Crown Elite Trainer Box,https://www.tcgplayer.com/product/557350/pokemon-sv07-stellar-crown-stellar-crown-elite-trainer-box?page=1,PKM-SCR-ETB-EN.jpg,ok
PKM-SCR-PCETB-EN,Pokemon TCG: SV Stellar Crown Pokemon Center ETB,https://www.tcgplayer.com/product/557340/pokemon-sv07-stellar-crown-stellar-crown-pokemon-center-elite-trainer-box-exclusive?page=1,PKM-SCR-PCETB-EN.jpg,ok
PKM-SCR-BNB-EN,Pokemon TCG: SV Stellar Crown Build and Battle Box,https://www.tcgplayer.com/product/557330/pokemon-sv07-stellar-crown-stellar-crown-build-and-battle-box?page=1,PKM-SCR-BNB-EN.jpg,ok
PKM-SCR-BL3-EN,Pokemon TCG: SV Stellar Crown 3-Pack Blister (Hydreigon),https://www.tcgplayer.com/product/557337/pokemon-sv07-stellar-crown-stellar-crown-3-pack-blisters-tinkaton?page=1,PKM-SCR-BL3-EN.jpg,ok
PKM-SCR-BL3-EN-2,Pokemon TCG: SV Stellar Crown 3-Pack Blister (Terapagos),https://www.tcgplayer.com/product/557338/pokemon-sv07-stellar-crown-stellar-crown-single-pack-blister-horsea?page=1,PKM-SCR-BL3-EN-2.jpg,ok
PKM-SCR-SC-EN,Pokemon TCG: Dark Powers ex Special Collection,https://www.tcgplayer.com/product/558746/pokemon-miscellaneous-cards-and-products-dark-powers-ex-special-collection?page=1,PKM-SCR-SC-EN.jpg,ok
PKM-SCR-TIN-EN,Pokemon TCG: Paradox Destinies Tin (Walking Wake),https://www.tcgplayer.com/product/549433/pokemon-miscellaneous-cards-and-products-paradox-clash-tin-walking-wake-ex-international?page=1,PKM-SCR-TIN-EN.jpg,ok
PKM-SCR-TIN-EN-2,Pokemon TCG: Paradox Destinies Tin (Iron Crown),https://www.tcgplayer.com/product/562360/pokemon-miscellaneous-cards-and-products-paradox-destinies-tin-set-of-4?page=1,PKM-SCR-TIN-EN-2.jpg,ok
PKM-SCR-TIN-EN-3,Pokemon TCG: Paradox Destinies Tin (Gouging Fire),https://www.tcgplayer.com/product/562360/pokemon-miscellaneous-cards-and-products-paradox-destinies-tin-set-of-4?page=1,PKM-SCR-TIN-EN-3.jpg,ok
PKM-SCR-TIN-EN-4,Pokemon TCG: Paradox Destinies Tin (Iron Boulder),https://www.tcgplayer.com/product/562360/pokemon-miscellaneous-cards-and-products-paradox-destinies-tin-set-of-4?page=1,PKM-SCR-TIN-EN-4.jpg,ok
PKM-SSP-SBP-EN,Pokemon TCG: SV Surging Sparks Sleeved Booster Pack,https://www.tcgplayer.com/product/565602/pokemon-sv08-surging-sparks-surging-sparks-sleeved-booster-pack?page=1,PKM-SSP-SBP-EN.jpg,ok
PKM-SSP-BB-EN,Pokemon TCG: SV Surging Sparks Booster Bundle,https://www.tcgplayer.com/product/594269/pokemon-sv08-surging-sparks-surging-sparks-booster-bundle-case-lgs?page=1,PKM-SSP-BB-EN.jpg,ok
PKM-SSP-BX-EN,Pokemon TCG: SV Surging Sparks Booster Box,https://www.tcgplayer.com/product/565606/pokemon-sv08-surging-sparks-surging-sparks-booster-box?page=1,PKM-SSP-BX-EN.jpg,ok
PKM-SSP-ETB-EN,Pokemon TCG: SV Surging Sparks Elite Trainer Box,https://www.tcgplayer.com/product/565630/pokemon-sv08-surging-sparks-surging-sparks-elite-trainer-box?page=1,PKM-SSP-ETB-EN.jpg,ok
PKM-SSP-PCETB-EN,Pokemon TCG: SV Surging Sparks Pokemon Center ETB,https://www.tcgplayer.com/product/565633/pokemon-sv08-surging-sparks-surging-sparks-pokemon-center-elite-trainer-box-exclusive-case?page=1,PKM-SSP-PCETB-EN.jpg,ok
PKM-SSP-BNB-EN,Pokemon TCG: SV Surging Sparks Build and Battle Box,https://www.tcgplayer.com/product/565600/pokemon-sv08-surging-sparks-surging-sparks-build-and-battle-box-display?page=1,PKM-SSP-BNB-EN.jpg,ok
PKM-SSP-BL3-EN,Pokemon TCG: SV Surging Sparks 3-Pack Blister (Cyclizar),https://www.tcgplayer.com/product/565637/pokemon-sv08-surging-sparks-surging-sparks-single-pack-blister-pachirisu?page=1,PKM-SSP-BL3-EN.jpg,ok
PKM-SSP-BL3-EN-2,Pokemon TCG: SV Surging Sparks 3-Pack Blister (Pikachu),https://www.tcgplayer.com/product/565637/pokemon-sv08-surging-sparks-surging-sparks-single-pack-blister-pachirisu?page=1,PKM-SSP-BL3-EN-2.jpg,ok
PKM-SSP-BNBS-EN,Pokemon TCG: Surging Sparks Build and Battle Stadium,https://www.tcgplayer.com/product/565600/pokemon-sv08-surging-sparks-surging-sparks-build-and-battle-box-display?page=1,PKM-SSP-BNBS-EN.jpg,ok
PKM-SSP-UPC-EN,Pokemon TCG: Terapagos ex Ultra Premium Collection,https://www.tcgplayer.com/product/575198/pokemon-miscellaneous-cards-and-products-terapagos-ex-ultra-premium-collection?page=1,PKM-SSP-UPC-EN.jpg,ok
PKM-SSP-CC-EN,Pokemon TCG: Collector Chest (Fall 2024),https://www.tcgplayer.com/product/575706/pokemon-miscellaneous-cards-and-products-fall-2024-collector-chest?page=1,PKM-SSP-CC-EN.jpg,ok
PKM-SSP-HC-EN,Pokemon TCG: Holiday Calendar 2024,https://www.tcgplayer.com/product/559089/pokemon-miscellaneous-cards-and-products-holiday-calendar-2024?page=1,PKM-SSP-HC-EN.jpg,ok
PKM-PRE-SBP-EN,Pokemon TCG: SV Prismatic Evolutions Sleeved Booster Pack,https://www.tcgplayer.com/product/617807/pokemon-sv-prismatic-evolutions-prismatic-evolutions-sleeved-booster-pack-art-bundle-set-of-4?page=1,,dl-failed
PKM-PRE-BB-EN,Pokemon TCG: SV Prismatic Evolutions Booster Bundle,https://www.tcgplayer.com/product/600518/pokemon-sv-prismatic-evolutions-prismatic-evolutions-booster-bundle?page=1,PKM-PRE-BB-EN.jpg,ok
PKM-PRE-ETB-EN,Pokemon TCG: SV Prismatic Evolutions Elite Trainer Box,https://www.tcgplayer.com/product/593355/pokemon-sv-prismatic-evolutions-prismatic-evolutions-elite-trainer-box?page=1,PKM-PRE-ETB-EN.jpg,ok
PKM-PRE-PCETB-EN,Pokemon TCG: SV Prismatic Evolutions Pokemon Center ETB,https://www.tcgplayer.com/product/593324/pokemon-sv-prismatic-evolutions-prismatic-evolutions-pokemon-center-elite-trainer-box-exclusive?page=1,PKM-PRE-PCETB-EN.jpg,ok
PKM-PRE-SPC-EN,Pokemon TCG: SV Prismatic Evolutions Super Premium Collection,https://www.tcgplayer.com/product/622770/pokemon-sv-prismatic-evolutions-prismatic-evolutions-super-premium-collection?page=1,PKM-PRE-SPC-EN.jpg,ok
PKM-PRE-BIND-EN,Pokemon TCG: SV Prismatic Evolutions Binder Collection,https://www.tcgplayer.com/product/593356/pokemon-sv-prismatic-evolutions-prismatic-evolutions-binder-collection?page=1,PKM-PRE-BIND-EN.jpg,ok
PKM-PRE-MTIN-EN,Pokemon TCG: SV Prismatic Evolutions Mini Tin (Eevee),https://www.tcgplayer.com/product/593459/pokemon-sv-prismatic-evolutions-prismatic-evolutions-mini-tin-umbreon?page=1,PKM-PRE-MTIN-EN.jpg,ok
PKM-PRE-MTIN-EN-2,Pokemon TCG: SV Prismatic Evolutions Mini Tin (Vaporeon),https://www.tcgplayer.com/product/653892/pokemon-miscellaneous-cards-and-products-costco-prismatic-evolutions-8-pack-mini-tins?page=1,PKM-PRE-MTIN-EN-2.jpg,ok
PKM-PRE-MTIN-EN-3,Pokemon TCG: SV Prismatic Evolutions Mini Tin (Jolteon),https://www.tcgplayer.com/product/653892/pokemon-miscellaneous-cards-and-products-costco-prismatic-evolutions-8-pack-mini-tins?page=1,PKM-PRE-MTIN-EN-3.jpg,ok
PKM-PRE-MTIN-EN-4,Pokemon TCG: SV Prismatic Evolutions Mini Tin (Flareon),https://www.tcgplayer.com/product/653892/pokemon-miscellaneous-cards-and-products-costco-prismatic-evolutions-8-pack-mini-tins?page=1,PKM-PRE-MTIN-EN-4.jpg,ok
PKM-PRE-MTIN-EN-5,Pokemon TCG: SV Prismatic Evolutions Mini Tin (Espeon),https://www.tcgplayer.com/product/653892/pokemon-miscellaneous-cards-and-products-costco-prismatic-evolutions-8-pack-mini-tins?page=1,PKM-PRE-MTIN-EN-5.jpg,ok
PKM-PRE-SBX-EN,Pokemon TCG: SV Prismatic Evolutions Surprise Box,https://www.tcgplayer.com/product/593466/pokemon-sv-prismatic-evolutions-prismatic-evolutions-surprise-box?page=1,PKM-PRE-SBX-EN.jpg,ok
PKM-PRE-TSC-EN,Pokemon TCG: SV Prismatic Evolutions Tech Sticker Collection (Eevee),https://www.tcgplayer.com/product/593451/pokemon-sv-prismatic-evolutions-prismatic-evolutions-tech-sticker-collection-glaceon?page=1,PKM-PRE-TSC-EN.jpg,ok
PKM-PRE-TSC-EN-2,Pokemon TCG: SV Prismatic Evolutions Tech Sticker Collection (Sylveon),https://www.tcgplayer.com/product/593450/pokemon-sv-prismatic-evolutions-prismatic-evolutions-tech-sticker-collection-sylveon?page=1,PKM-PRE-TSC-EN-2.jpg,ok
PKM-PRE-POST-EN,Pokemon TCG: SV Prismatic Evolutions Poster Collection,https://www.tcgplayer.com/product/593359/pokemon-sv-prismatic-evolutions-prismatic-evolutions-poster-collection?page=1,PKM-PRE-POST-EN.jpg,ok
PKM-PRE-STIN-EN,Pokemon TCG: SV Prismatic Evolutions Stacking Tin,https://www.tcgplayer.com/product/593463/pokemon-sv-prismatic-evolutions-prismatic-evolutions-mini-tin-display?page=1,PKM-PRE-STIN-EN.jpg,ok
PKM-PRE-ACC-EN,Pokemon TCG: SV Prismatic Evolutions Accessory Bundle,https://www.tcgplayer.com/product/629828/pokemon-sv-prismatic-evolutions-prismatic-evolutions-accessory-pouch-special-collection-case?page=1,,dl-failed
PKM-PRE-PC-EN,Pokemon TCG: Blooming Waters Premium Collection,https://www.tcgplayer.com/product/609597/pokemon-miscellaneous-cards-and-products-blooming-waters-premium-collection?page=1,PKM-PRE-PC-EN.jpg,ok
PKM-PRE-TIN-EN,Pokemon TCG: Azure Legends Tin (Kyogre),https://www.tcgplayer.com/product/619075/pokemon-miscellaneous-cards-and-products-azure-legends-tins-set-of-3?page=1,,dl-failed
PKM-PRE-TIN-EN-2,Pokemon TCG: Azure Legends Tin (Suicune),https://www.tcgplayer.com/product/616292/pokemon-miscellaneous-cards-and-products-azure-legends-tin-kyogre-ex?page=1,PKM-PRE-TIN-EN-2.jpg,ok
PKM-JTG-SBP-EN,Pokemon TCG: SV Journey Together Sleeved Booster Pack,https://www.tcgplayer.com/product/610934/pokemon-sv09-journey-together-journey-together-sleeved-booster-pack?page=1,PKM-JTG-SBP-EN.jpg,ok
PKM-JTG-BB-EN,Pokemon TCG: SV Journey Together Booster Bundle,https://www.tcgplayer.com/product/610953/pokemon-sv09-journey-together-journey-together-booster-bundle?page=1,PKM-JTG-BB-EN.jpg,ok
PKM-JTG-BX-EN,Pokemon TCG: SV Journey Together Booster Box,https://www.tcgplayer.com/product/610931/pokemon-sv09-journey-together-journey-together-booster-box?page=1,,dl-failed
PKM-JTG-ETB-EN,Pokemon TCG: SV Journey Together Elite Trainer Box,https://www.tcgplayer.com/product/610930/pokemon-sv09-journey-together-journey-together-elite-trainer-box?page=1,PKM-JTG-ETB-EN.jpg,ok
PKM-JTG-PCETB-EN,Pokemon TCG: SV Journey Together Pokemon Center ETB,https://www.tcgplayer.com/product/610929/pokemon-sv09-journey-together-journey-together-pokemon-center-elite-trainer-box-exclusive?page=1,PKM-JTG-PCETB-EN.jpg,ok
PKM-JTG-BNB-EN,Pokemon TCG: SV Journey Together Build and Battle Box,https://www.tcgplayer.com/product/610954/pokemon-sv09-journey-together-journey-together-build-and-battle-box?page=1,PKM-JTG-BNB-EN.jpg,ok
PKM-JTG-BL3-EN,Pokemon TCG: SV Journey Together 3-Pack Blister (Pikachu),https://www.tcgplayer.com/product/610940/pokemon-sv09-journey-together-journey-together-3-pack-blister-yanmega?page=1,PKM-JTG-BL3-EN.jpg,ok
PKM-JTG-BL3-EN-2,Pokemon TCG: SV Journey Together 3-Pack Blister (Mewtwo),https://www.tcgplayer.com/product/610950/pokemon-sv09-journey-together-journey-together-single-pack-blister-yanma?page=1,PKM-JTG-BL3-EN-2.jpg,ok
PKM-JTG-UPC-EN,Pokemon TCG: Greninja ex Ultra Premium Collection,https://www.tcgplayer.com/product/594491/pokemon-miscellaneous-cards-and-products-greninja-ex-ultra-premium-collection?page=1,PKM-JTG-UPC-EN.jpg,ok
PKM-DRI-SBP-EN,Pokemon TCG: SV Destined Rivals Sleeved Booster Pack,https://www.tcgplayer.com/product/624684/pokemon-sv10-destined-rivals-destined-rivals-sleeved-booster-pack?page=1,PKM-DRI-SBP-EN.jpg,ok
PKM-DRI-BB-EN,Pokemon TCG: SV Destined Rivals Booster Bundle,https://www.tcgplayer.com/product/625670/pokemon-sv10-destined-rivals-destined-rivals-booster-bundle?page=1,PKM-DRI-BB-EN.jpg,ok
PKM-DRI-BX-EN,Pokemon TCG: SV Destined Rivals Booster Box,https://www.tcgplayer.com/product/624679/pokemon-sv10-destined-rivals-destined-rivals-booster-box?page=1,PKM-DRI-BX-EN.jpg,ok
PKM-DRI-ETB-EN,Pokemon TCG: SV Destined Rivals Elite Trainer Box,https://www.tcgplayer.com/product/624676/pokemon-sv10-destined-rivals-destined-rivals-elite-trainer-box?page=1,PKM-DRI-ETB-EN.jpg,ok
PKM-DRI-PCETB-EN,Pokemon TCG: SV Destined Rivals Pokemon Center ETB,https://www.tcgplayer.com/product/624675/pokemon-sv10-destined-rivals-destined-rivals-pokemon-center-elite-trainer-box-exclusive?page=1,PKM-DRI-PCETB-EN.jpg,ok
PKM-DRI-BNB-EN,Pokemon TCG: SV Destined Rivals Build and Battle Box,https://www.tcgplayer.com/product/625677/pokemon-sv10-destined-rivals-destined-rivals-build-and-battle-box?page=1,PKM-DRI-BNB-EN.jpg,ok
PKM-DRI-BL3-EN,Pokemon TCG: SV Destined Rivals 3-Pack Blister,https://www.tcgplayer.com/product/635328/pokemon-sv10-destined-rivals-destined-rivals-3-pack-blister-set-of-2?page=1,,dl-failed
PKM-DRI-CB-EN,Pokemon TCG: Team Rockets Mewtwo ex Box,https://www.tcgplayer.com/product/634607/pokemon-miscellaneous-cards-and-products-team-rockets-mewtwo-ex-box-case?page=1,PKM-DRI-CB-EN.jpg,ok
PKM-BB-SBP-EN,Pokemon TCG: SV Black Bolt Sleeved Booster Pack,https://www.tcgplayer.com/product/630431/pokemon-sv-black-bolt-black-bolt-booster-bundle?page=1,PKM-BB-SBP-EN.jpg,ok
PKM-BB-BB-EN,Pokemon TCG: SV Black Bolt Booster Bundle,https://www.tcgplayer.com/product/630431/pokemon-sv-black-bolt-black-bolt-booster-bundle?page=1,PKM-BB-BB-EN.jpg,ok
PKM-BB-ETB-EN,Pokemon TCG: SV Black Bolt Elite Trainer Box,https://www.tcgplayer.com/product/630686/pokemon-sv-black-bolt-black-bolt-elite-trainer-box?page=1,PKM-BB-ETB-EN.jpg,ok
PKM-BB-PCETB-EN,Pokemon TCG: SV Black Bolt Pokemon Center ETB,https://www.tcgplayer.com/product/630687/pokemon-sv-black-bolt-black-bolt-pokemon-center-elite-trainer-box-exclusive?page=1,PKM-BB-PCETB-EN.jpg,ok
PKM-WF-SBP-EN,Pokemon TCG: SV White Flare Sleeved Booster Pack,https://www.tcgplayer.com/product/630696/pokemon-sv-white-flare-white-flare-booster-bundle?page=1,PKM-WF-SBP-EN.jpg,ok
PKM-WF-BB-EN,Pokemon TCG: SV White Flare Booster Bundle,https://www.tcgplayer.com/product/630696/pokemon-sv-white-flare-white-flare-booster-bundle?page=1,PKM-WF-BB-EN.jpg,ok
PKM-WF-ETB-EN,Pokemon TCG: SV White Flare Elite Trainer Box,https://www.tcgplayer.com/product/630693/pokemon-sv-white-flare-white-flare-elite-trainer-box-case?page=1,PKM-WF-ETB-EN.jpg,ok
PKM-WF-PCETB-EN,Pokemon TCG: SV White Flare Pokemon Center ETB,https://www.tcgplayer.com/product/630688/pokemon-sv-white-flare-white-flare-pokemon-center-elite-trainer-box-exclusive?page=1,PKM-WF-PCETB-EN.jpg,ok
PKM-BB-HC-EN,Pokemon TCG: Holiday Calendar 2025,https://www.tcgplayer.com/product/639830/pokemon-miscellaneous-cards-and-products-holiday-calendar-2025-case?page=1,,dl-failed
PKM-MEV-SBP-EN,Pokemon TCG: SV Mega Evolution Sleeved Booster Pack,https://www.tcgplayer.com/product/650766/pokemon-me01-mega-evolution-mega-evolution-sleeved-booster-case?page=1,PKM-MEV-SBP-EN.jpg,ok
PKM-MEV-BB-EN,Pokemon TCG: SV Mega Evolution Booster Bundle,https://www.tcgplayer.com/product/644730/pokemon-me01-mega-evolution-mega-evolution-booster-bundle-case?page=1,PKM-MEV-BB-EN.jpg,ok
PKM-MEV-BX-EN,Pokemon TCG: SV Mega Evolution Booster Box,https://www.tcgplayer.com/product/644727/pokemon-me01-mega-evolution-mega-evolution-elite-trainer-box-case?page=1,,dl-failed
PKM-MEV-ETB-EN,Pokemon TCG: SV Mega Evolution Elite Trainer Box,https://www.tcgplayer.com/product/654170/pokemon-me02-phantasmal-flames-phantasmal-flames-elite-trainer-box-case?page=1,PKM-MEV-ETB-EN.jpg,ok
PKM-MEV-PCETB-EN,Pokemon TCG: SV Mega Evolution Pokemon Center ETB,https://www.tcgplayer.com/product/644282/pokemon-me01-mega-evolution-mega-evolution-pokemon-center-elite-trainer-box-exclusive-mega-lucario?page=1,PKM-MEV-PCETB-EN.jpg,ok
PKM-MEV-BNB-EN,Pokemon TCG: SV Mega Evolution Build and Battle Box,https://www.tcgplayer.com/product/644363/pokemon-me01-mega-evolution-mega-evolution-build-and-battle-box?page=1,PKM-MEV-BNB-EN.jpg,ok
PKM-MEV-BL3-EN,Pokemon TCG: SV Mega Evolution 3-Pack Blister,https://www.tcgplayer.com/product/644356/pokemon-me01-mega-evolution-mega-evolution-3-pack-blister-golduck?page=1,PKM-MEV-BL3-EN.jpg,ok
PKM-MEV-TIN-EN,Pokemon TCG: Team Rocket Tin (Arbok),https://www.tcgplayer.com/product/649193/pokemon-miscellaneous-cards-and-products-team-rocket-tin-team-rockets-mewtwo-ex?page=1,PKM-MEV-TIN-EN.jpg,ok
PKM-MEV-TIN-EN-2,Pokemon TCG: Team Rocket Tin (Weezing),https://www.tcgplayer.com/product/649193/pokemon-miscellaneous-cards-and-products-team-rocket-tin-team-rockets-mewtwo-ex?page=1,PKM-MEV-TIN-EN-2.jpg,ok
PKM-MEV-TIN-EN-3,Pokemon TCG: Team Rocket Tin (Meowth),https://www.tcgplayer.com/product/625695/pokemon-miscellaneous-cards-and-products-team-rockets-mewtwo-ex-box?page=1,PKM-MEV-TIN-EN-3.jpg,ok
PKM-PHF-SBP-EN,Pokemon TCG: SV Phantasmal Flames Sleeved Booster Pack,https://www.tcgplayer.com/product/654145/pokemon-me02-phantasmal-flames-phantasmal-flames-sleeved-booster-pack?page=1,PKM-PHF-SBP-EN.jpg,ok
PKM-PHF-BB-EN,Pokemon TCG: SV Phantasmal Flames Booster Bundle,https://www.tcgplayer.com/product/654160/pokemon-me02-phantasmal-flames-phantasmal-flames-booster-bundle?page=1,PKM-PHF-BB-EN.jpg,ok
PKM-PHF-BX-EN,Pokemon TCG: SV Phantasmal Flames Booster Box,https://www.tcgplayer.com/product/654170/pokemon-me02-phantasmal-flames-phantasmal-flames-elite-trainer-box-case?page=1,PKM-PHF-BX-EN.jpg,ok
PKM-PHF-ETB-EN,Pokemon TCG: SV Phantasmal Flames Elite Trainer Box,https://www.tcgplayer.com/product/654136/pokemon-me02-phantasmal-flames-phantasmal-flames-elite-trainer-box?page=1,PKM-PHF-ETB-EN.jpg,ok
PKM-PHF-PCETB-EN,Pokemon TCG: SV Phantasmal Flames Pokemon Center ETB,https://www.tcgplayer.com/product/654135/pokemon-me02-phantasmal-flames-phantasmal-flames-pokemon-center-elite-trainer-box-exclusive?page=1,PKM-PHF-PCETB-EN.jpg,ok
PKM-PHF-BNB-EN,Pokemon TCG: SV Phantasmal Flames Build and Battle Box,https://www.tcgplayer.com/product/662725/pokemon-me02-phantasmal-flames-phantasmal-flames-build-and-battle-box?page=1,PKM-PHF-BNB-EN.jpg,ok
PKM-PHF-BL3-EN,Pokemon TCG: SV Phantasmal Flames 3-Pack Blister,https://www.tcgplayer.com/product/654154/pokemon-me02-phantasmal-flames-phantasmal-flames-3-pack-blister-sneasel?page=1,PKM-PHF-BL3-EN.jpg,ok
PKM-PHF-EBX-EN,Pokemon TCG: SV Phantasmal Flames Enhanced Booster Box,https://www.tcgplayer.com/product/654170/pokemon-me02-phantasmal-flames-phantasmal-flames-elite-trainer-box-case?page=1,PKM-PHF-EBX-EN.jpg,ok
PKM-PHF-UPC-EN,Pokemon TCG: Mega Charizard X ex Ultra Premium Collection,https://www.tcgplayer.com/product/664895/pokemon-miscellaneous-cards-and-products-mega-charizard-x-ex-ultra-premium-collection-case?page=1,,dl-failed
PKM-PHF-UPC-EN-2,Pokemon TCG: Team Rockets Moltres ex Ultra Premium Collection,https://www.tcgplayer.com/product/664898/pokemon-miscellaneous-cards-and-products-team-rockets-moltres-ex-ultra-premium-collection-case?page=1,,dl-failed
